{"lctr_l_armEnd": [0, 2.29, 0.755], "lctr_l_arm2": [0, 4.8300000000000001, -1.2370000000000001], "lctr_l_arm3": [0, 3.0680000000000001, -0.42299999999999999], "lctr_l_arm1": [0, 6.8550000000000004, 0.048000000000000001]}