{"lctr_l_legEnd": [0, 0.0089999999999999993, 1.3180000000000001], "lctr_l_leg1": [0, 6.2220000000000004, 0.048000000000000001], "lctr_l_leg2": [0, 3.3439999999999999, 0.89200000000000002], "lctr_l_leg3": [0, 0.75700000000000001, -0.42299999999999999]}