{
   "lctr_l_wrist": [
      0, 
      1.613664, 
      -0.42252299999999998
   ], 
   "lctr_l_armEnd": [
      0, 
      0.49221599999999999, 
      0.37334400000000001
   ], 
   "lctr_l_arm2": [
      0, 
      8.5232299999999999, 
      -2.1951339999999999
   ], 
   "lctr_l_arm1": [
      0, 
      14.311348000000001, 
      0.047761900000000003
   ]
}